<?xml version = '1.0' encoding = 'UTF-8'?>
<Entity class="oracle.dbtools.crest.model.design.logical.Entity" directorySegmentName="seg_0" id="3D59B3CC-D8B5-E9C7-F3A1-376D4ABFCF32" name="T_FINTECH_USUARIO_ENDERECO">
<createdBy>luccasouza</createdBy>
<createdTime>2022-11-15 07:41:38 UTC</createdTime>
<ownerDesignName>Projeto_Fintech_LuccaSouza</ownerDesignName>
<engineerTo>
<item key="C9F4719D-AF7A-BEC8-3158-AA8834ABE868" value="true"/>
</engineerTo>
<adequatelyNormalized>NO</adequatelyNormalized>
<expectedVolumes>0</expectedVolumes>
<fwdEngineeringStrategyName>Single Table</fwdEngineeringStrategyName>
<growthPercent>0</growthPercent>
<growthType>Year</growthType>
<maxVolumes>9999999</maxVolumes>
<minVolumes>0</minVolumes>
<normalForm>Third</normalForm>
<attributes itemClass="oracle.dbtools.crest.model.design.logical.Attribute">
<Attribute name="nr_cep" id="99D763B7-8F6E-A82C-A650-A32AE2B2E8AB">
<createdBy>luccasouza</createdBy>
<createdTime>2022-11-15 07:50:09 UTC</createdTime>
<generatorID>91FBF3F7-CD4B-BCAA-C64D-5D9A4D5477AD</generatorID>
<ownerDesignName>Projeto_Fintech_LuccaSouza</ownerDesignName>
<engineerTo>
<item key="C9F4719D-AF7A-BEC8-3158-AA8834ABE868" value="true"/>
</engineerTo>
<referedAttribute>0A05E61F-61C7-312A-CA17-BE6C19898714</referedAttribute>
<useDomainConstraints>false</useDomainConstraints>
<use>1</use>
<logicalDatatype>LOGDT020</logicalDatatype>
<ownDataTypeParameters>,,</ownDataTypeParameters>
</Attribute>
<Attribute name="id_usuario" id="77551EFA-D243-58C1-CC45-22E0ECBADE91">
<createdBy>luccasouza</createdBy>
<createdTime>2022-11-15 08:10:09 UTC</createdTime>
<generatorID>BDC42D4D-85B0-1683-CBD3-2B1514FA396A</generatorID>
<ownerDesignName>Projeto_Fintech_LuccaSouza</ownerDesignName>
<engineerTo>
<item key="C9F4719D-AF7A-BEC8-3158-AA8834ABE868" value="true"/>
</engineerTo>
<referedAttribute>842E2CAB-FA5D-9624-4371-AD78241A8AD1</referedAttribute>
<use>1</use>
<logicalDatatype>LOGDT027</logicalDatatype>
<ownDataTypeParameters>,,</ownDataTypeParameters>
</Attribute>
<Attribute name="nr_endereco" id="03102C57-6493-FEDB-1C27-27DD8B9872D9">
<createdBy>luccasouza</createdBy>
<createdTime>2022-11-15 08:00:34 UTC</createdTime>
<ownerDesignName>Projeto_Fintech_LuccaSouza</ownerDesignName>
<engineerTo>
<item key="C9F4719D-AF7A-BEC8-3158-AA8834ABE868" value="true"/>
</engineerTo>
<useDomainConstraints>false</useDomainConstraints>
<use>1</use>
<logicalDatatype>LOGDT020</logicalDatatype>
<ownDataTypeParameters>,,</ownDataTypeParameters>
</Attribute>
</attributes>
<identifiers itemClass="oracle.dbtools.crest.model.design.logical.CandidateKey">
<identifier id="BB1AC0CF-E9E3-CFB1-BC75-D23EAA8B8BC6" name="T_FINTECH_USUARIO_ENDERECO PK">
<createdBy>luccasouza</createdBy>
<createdTime>2022-11-15 07:59:23 UTC</createdTime>
<ownerDesignName>Projeto_Fintech_LuccaSouza</ownerDesignName>
<engineerTo>
<item key="C9F4719D-AF7A-BEC8-3158-AA8834ABE868" value="true"/>
</engineerTo>
<pk>true</pk>
<usedAttributes>
<attributeRef>99D763B7-8F6E-A82C-A650-A32AE2B2E8AB</attributeRef>
<attributeRef>77551EFA-D243-58C1-CC45-22E0ECBADE91</attributeRef>
</usedAttributes>
</identifier>
</identifiers>
</Entity>