<?xml version = '1.0' encoding = 'UTF-8'?>
<Entity class="oracle.dbtools.crest.model.design.logical.Entity" directorySegmentName="seg_0" id="3F3412D1-5EF3-343A-3EB2-5E10D54DB23F" name="T_FINTECH_INVESTIMENTO">
<createdBy>luccasouza</createdBy>
<createdTime>2022-11-15 08:50:29 UTC</createdTime>
<ownerDesignName>Projeto_Fintech_LuccaSouza</ownerDesignName>
<engineerTo>
<item key="C9F4719D-AF7A-BEC8-3158-AA8834ABE868" value="true"/>
</engineerTo>
<adequatelyNormalized>NO</adequatelyNormalized>
<expectedVolumes>0</expectedVolumes>
<fwdEngineeringStrategyName>Single Table</fwdEngineeringStrategyName>
<growthPercent>0</growthPercent>
<growthType>Year</growthType>
<maxVolumes>9999999</maxVolumes>
<minVolumes>0</minVolumes>
<normalForm>Third</normalForm>
<attributes itemClass="oracle.dbtools.crest.model.design.logical.Attribute">
<Attribute name="id_conta" id="D2122CBE-C9CE-2EF9-6234-7316DBFC5499">
<createdBy>luccasouza</createdBy>
<createdTime>2022-11-15 08:50:47 UTC</createdTime>
<generatorID>B1537CFF-0822-2BFD-9958-E05BE3FF095E</generatorID>
<ownerDesignName>Projeto_Fintech_LuccaSouza</ownerDesignName>
<engineerTo>
<item key="C9F4719D-AF7A-BEC8-3158-AA8834ABE868" value="true"/>
</engineerTo>
<referedAttribute>A3DF7D70-0C96-C880-A111-8AEEA5369BB9</referedAttribute>
<useDomainConstraints>false</useDomainConstraints>
<use>1</use>
<logicalDatatype>LOGDT027</logicalDatatype>
<ownDataTypeParameters>,,</ownDataTypeParameters>
</Attribute>
<Attribute name="cd_investimento" id="15219207-5962-9E64-A196-CE2E4E823345">
<createdBy>luccasouza</createdBy>
<createdTime>2022-11-15 08:51:33 UTC</createdTime>
<ownerDesignName>Projeto_Fintech_LuccaSouza</ownerDesignName>
<engineerTo>
<item key="C9F4719D-AF7A-BEC8-3158-AA8834ABE868" value="true"/>
</engineerTo>
<useDomainConstraints>false</useDomainConstraints>
<use>1</use>
<logicalDatatype>LOGDT020</logicalDatatype>
<ownDataTypeParameters>,,</ownDataTypeParameters>
</Attribute>
<Attribute name="vl_investido" id="D559CB97-1039-C6F2-71E9-1FDDBAF25F02">
<createdBy>luccasouza</createdBy>
<createdTime>2022-11-15 08:51:43 UTC</createdTime>
<ownerDesignName>Projeto_Fintech_LuccaSouza</ownerDesignName>
<engineerTo>
<item key="C9F4719D-AF7A-BEC8-3158-AA8834ABE868" value="true"/>
</engineerTo>
<useDomainConstraints>false</useDomainConstraints>
<use>1</use>
<logicalDatatype>LOGDT021</logicalDatatype>
<ownDataTypeParameters>,,</ownDataTypeParameters>
</Attribute>
</attributes>
<identifiers itemClass="oracle.dbtools.crest.model.design.logical.CandidateKey">
<identifier id="DD47C035-C2C4-8AF6-89C6-6C84676B8E58" name="T_FINTECH_INVESTIMENTO PK">
<createdBy>luccasouza</createdBy>
<createdTime>2022-11-15 08:51:59 UTC</createdTime>
<ownerDesignName>Projeto_Fintech_LuccaSouza</ownerDesignName>
<engineerTo>
<item key="C9F4719D-AF7A-BEC8-3158-AA8834ABE868" value="true"/>
</engineerTo>
<pk>true</pk>
<usedAttributes>
<attributeRef>15219207-5962-9E64-A196-CE2E4E823345</attributeRef>
<attributeRef>D2122CBE-C9CE-2EF9-6234-7316DBFC5499</attributeRef>
</usedAttributes>
</identifier>
</identifiers>
</Entity>