<?xml version = '1.0' encoding = 'UTF-8'?>
<Entity class="oracle.dbtools.crest.model.design.logical.Entity" directorySegmentName="seg_0" id="491C2F6F-FD18-08DB-9922-664CC28667E0" name="T_FINTECH_ENDERECO">
<createdBy>luccasouza</createdBy>
<createdTime>2022-11-15 07:42:13 UTC</createdTime>
<ownerDesignName>Projeto_Fintech_LuccaSouza</ownerDesignName>
<engineerTo>
<item key="C9F4719D-AF7A-BEC8-3158-AA8834ABE868" value="true"/>
</engineerTo>
<adequatelyNormalized>NO</adequatelyNormalized>
<expectedVolumes>0</expectedVolumes>
<fwdEngineeringStrategyName>Single Table</fwdEngineeringStrategyName>
<growthPercent>0</growthPercent>
<growthType>Year</growthType>
<maxVolumes>9999999</maxVolumes>
<minVolumes>0</minVolumes>
<normalForm>Third</normalForm>
<attributes itemClass="oracle.dbtools.crest.model.design.logical.Attribute">
<Attribute name="nr_cep" id="0A05E61F-61C7-312A-CA17-BE6C19898714">
<createdBy>luccasouza</createdBy>
<createdTime>2022-11-15 07:50:00 UTC</createdTime>
<ownerDesignName>Projeto_Fintech_LuccaSouza</ownerDesignName>
<engineerTo>
<item key="C9F4719D-AF7A-BEC8-3158-AA8834ABE868" value="true"/>
</engineerTo>
<useDomainConstraints>false</useDomainConstraints>
<use>1</use>
<logicalDatatype>LOGDT020</logicalDatatype>
<ownDataTypeParameters>,,</ownDataTypeParameters>
</Attribute>
<Attribute name="cd_bairro" id="C16FA861-33EC-9D50-B714-554F4B2C80CE">
<createdBy>luccasouza</createdBy>
<createdTime>2022-11-15 07:53:53 UTC</createdTime>
<generatorID>F8BDF399-5280-B44F-C7D7-31EF19020FE0</generatorID>
<ownerDesignName>Projeto_Fintech_LuccaSouza</ownerDesignName>
<engineerTo>
<item key="C9F4719D-AF7A-BEC8-3158-AA8834ABE868" value="true"/>
</engineerTo>
<referedAttribute>639B8346-1C76-9537-6244-36E372B9E5A7</referedAttribute>
<use>1</use>
<logicalDatatype>LOGDT020</logicalDatatype>
<ownDataTypeParameters>,,</ownDataTypeParameters>
</Attribute>
<Attribute name="cd_tipo_logradouro" id="6F788F9B-AD16-3985-D8CF-24088C7FBE49">
<createdBy>luccasouza</createdBy>
<createdTime>2022-11-15 07:59:09 UTC</createdTime>
<generatorID>5648AD86-941A-89AA-168A-C799D4F4D230</generatorID>
<ownerDesignName>Projeto_Fintech_LuccaSouza</ownerDesignName>
<engineerTo>
<item key="C9F4719D-AF7A-BEC8-3158-AA8834ABE868" value="true"/>
</engineerTo>
<referedAttribute>B65C8051-4B59-2E22-0592-590FF6BD2302</referedAttribute>
<use>1</use>
<logicalDatatype>LOGDT020</logicalDatatype>
<ownDataTypeParameters>,,</ownDataTypeParameters>
</Attribute>
<Attribute name="ds_logradouro" id="580B1310-F8AD-A3C6-C3FA-6831792AFA32">
<createdBy>luccasouza</createdBy>
<createdTime>2022-11-15 09:36:48 UTC</createdTime>
<ownerDesignName>Projeto_Fintech_LuccaSouza</ownerDesignName>
<engineerTo>
<item key="C9F4719D-AF7A-BEC8-3158-AA8834ABE868" value="true"/>
</engineerTo>
<useDomainConstraints>false</useDomainConstraints>
<use>1</use>
<logicalDatatype>LOGDT024</logicalDatatype>
<dataTypeSize>30</dataTypeSize>
<ownDataTypeParameters>30,,</ownDataTypeParameters>
</Attribute>
</attributes>
<identifiers itemClass="oracle.dbtools.crest.model.design.logical.CandidateKey">
<identifier id="385B0D6F-E56E-3CC0-B432-55944F939E23" name="T_FINTECH_ENDERECO PK">
<createdBy>luccasouza</createdBy>
<createdTime>2022-11-15 07:50:06 UTC</createdTime>
<ownerDesignName>Projeto_Fintech_LuccaSouza</ownerDesignName>
<engineerTo>
<item key="C9F4719D-AF7A-BEC8-3158-AA8834ABE868" value="true"/>
</engineerTo>
<pk>true</pk>
<usedAttributes>
<attributeRef>0A05E61F-61C7-312A-CA17-BE6C19898714</attributeRef>
</usedAttributes>
</identifier>
</identifiers>
</Entity>