<?xml version = '1.0' encoding = 'UTF-8'?>
<Entity class="oracle.dbtools.crest.model.design.logical.Entity" directorySegmentName="seg_0" id="8838DD18-DE22-E06E-B610-F1715D98DD46" name="T_FINTECH_CONTA">
<createdBy>luccasouza</createdBy>
<createdTime>2022-11-15 08:30:33 UTC</createdTime>
<ownerDesignName>Projeto_Fintech_LuccaSouza</ownerDesignName>
<engineerTo>
<item key="C9F4719D-AF7A-BEC8-3158-AA8834ABE868" value="true"/>
</engineerTo>
<adequatelyNormalized>NO</adequatelyNormalized>
<expectedVolumes>0</expectedVolumes>
<fwdEngineeringStrategyName>Single Table</fwdEngineeringStrategyName>
<growthPercent>0</growthPercent>
<growthType>Year</growthType>
<maxVolumes>9999999</maxVolumes>
<minVolumes>0</minVolumes>
<normalForm>Third</normalForm>
<attributes itemClass="oracle.dbtools.crest.model.design.logical.Attribute">
<Attribute name="id_conta" id="A3DF7D70-0C96-C880-A111-8AEEA5369BB9">
<createdBy>luccasouza</createdBy>
<createdTime>2022-11-15 08:33:25 UTC</createdTime>
<ownerDesignName>Projeto_Fintech_LuccaSouza</ownerDesignName>
<engineerTo>
<item key="C9F4719D-AF7A-BEC8-3158-AA8834ABE868" value="true"/>
</engineerTo>
<useDomainConstraints>false</useDomainConstraints>
<use>1</use>
<logicalDatatype>LOGDT027</logicalDatatype>
<ownDataTypeParameters>,,</ownDataTypeParameters>
</Attribute>
<Attribute name="id_usuario" id="EF413698-1CB0-7292-2B7E-92485B3916BA">
<createdBy>luccasouza</createdBy>
<createdTime>2022-11-15 08:31:17 UTC</createdTime>
<generatorID>CF7A9DE1-C11D-EF0C-AEF6-7C0850DA9BCB</generatorID>
<ownerDesignName>Projeto_Fintech_LuccaSouza</ownerDesignName>
<engineerTo>
<item key="C9F4719D-AF7A-BEC8-3158-AA8834ABE868" value="true"/>
</engineerTo>
<referedAttribute>842E2CAB-FA5D-9624-4371-AD78241A8AD1</referedAttribute>
<use>1</use>
<logicalDatatype>LOGDT027</logicalDatatype>
<ownDataTypeParameters>,,</ownDataTypeParameters>
</Attribute>
<Attribute name="nr_saldo" id="3F346C46-8628-74AF-4694-D2743994BC3E">
<createdBy>luccasouza</createdBy>
<createdTime>2022-11-15 08:34:39 UTC</createdTime>
<ownerDesignName>Projeto_Fintech_LuccaSouza</ownerDesignName>
<engineerTo>
<item key="C9F4719D-AF7A-BEC8-3158-AA8834ABE868" value="true"/>
</engineerTo>
<useDomainConstraints>false</useDomainConstraints>
<use>1</use>
<logicalDatatype>LOGDT021</logicalDatatype>
<ownDataTypeParameters>,,</ownDataTypeParameters>
</Attribute>
</attributes>
<identifiers itemClass="oracle.dbtools.crest.model.design.logical.CandidateKey">
<identifier id="8CC0BCF8-F7BB-7B74-2C73-CAAF569839D8" name="T_FINTECH_CONTA PK">
<createdBy>luccasouza</createdBy>
<createdTime>2022-11-15 08:33:34 UTC</createdTime>
<ownerDesignName>Projeto_Fintech_LuccaSouza</ownerDesignName>
<engineerTo>
<item key="C9F4719D-AF7A-BEC8-3158-AA8834ABE868" value="true"/>
</engineerTo>
<pk>true</pk>
<usedAttributes>
<attributeRef>A3DF7D70-0C96-C880-A111-8AEEA5369BB9</attributeRef>
</usedAttributes>
</identifier>
</identifiers>
</Entity>