<?xml version = '1.0' encoding = 'UTF-8'?>
<Entity class="oracle.dbtools.crest.model.design.logical.Entity" directorySegmentName="seg_0" id="909FBE58-9B5B-9340-BE2F-133CBF940032" name="T_FINTECH_BAIRRO">
<createdBy>luccasouza</createdBy>
<createdTime>2022-11-15 07:42:29 UTC</createdTime>
<ownerDesignName>Projeto_Fintech_LuccaSouza</ownerDesignName>
<engineerTo>
<item key="C9F4719D-AF7A-BEC8-3158-AA8834ABE868" value="true"/>
</engineerTo>
<adequatelyNormalized>NO</adequatelyNormalized>
<expectedVolumes>0</expectedVolumes>
<fwdEngineeringStrategyName>Single Table</fwdEngineeringStrategyName>
<growthPercent>0</growthPercent>
<growthType>Year</growthType>
<maxVolumes>9999999</maxVolumes>
<minVolumes>0</minVolumes>
<normalForm>Third</normalForm>
<attributes itemClass="oracle.dbtools.crest.model.design.logical.Attribute">
<Attribute name="cd_bairro" id="639B8346-1C76-9537-6244-36E372B9E5A7">
<createdBy>luccasouza</createdBy>
<createdTime>2022-11-15 07:53:44 UTC</createdTime>
<ownerDesignName>Projeto_Fintech_LuccaSouza</ownerDesignName>
<engineerTo>
<item key="C9F4719D-AF7A-BEC8-3158-AA8834ABE868" value="true"/>
</engineerTo>
<useDomainConstraints>false</useDomainConstraints>
<use>1</use>
<logicalDatatype>LOGDT020</logicalDatatype>
<ownDataTypeParameters>,,</ownDataTypeParameters>
</Attribute>
<Attribute name="cd_cidade" id="BAB83B6F-5BDD-87C1-1203-A340D747EF6F">
<createdBy>luccasouza</createdBy>
<createdTime>2022-11-15 09:35:14 UTC</createdTime>
<generatorID>E1554068-A43E-556A-28F4-C13DD189BB92</generatorID>
<ownerDesignName>Projeto_Fintech_LuccaSouza</ownerDesignName>
<engineerTo>
<item key="C9F4719D-AF7A-BEC8-3158-AA8834ABE868" value="true"/>
</engineerTo>
<referedAttribute>89BFA704-2CAC-BE1A-7747-424FD80ECC3E</referedAttribute>
<useDomainConstraints>false</useDomainConstraints>
<use>1</use>
<logicalDatatype>LOGDT020</logicalDatatype>
<ownDataTypeParameters>,,</ownDataTypeParameters>
</Attribute>
<Attribute name="nm_bairro" id="B2128000-A047-9AF8-4C4D-51621A245B83">
<createdBy>luccasouza</createdBy>
<createdTime>2022-11-15 07:53:58 UTC</createdTime>
<ownerDesignName>Projeto_Fintech_LuccaSouza</ownerDesignName>
<engineerTo>
<item key="C9F4719D-AF7A-BEC8-3158-AA8834ABE868" value="true"/>
</engineerTo>
<useDomainConstraints>false</useDomainConstraints>
<use>1</use>
<logicalDatatype>LOGDT024</logicalDatatype>
<dataTypeSize>30</dataTypeSize>
<ownDataTypeParameters>30,,</ownDataTypeParameters>
</Attribute>
</attributes>
<identifiers itemClass="oracle.dbtools.crest.model.design.logical.CandidateKey">
<identifier id="68E952B8-872E-B27E-CC85-3EEED7DB370C" name="T_FINTECH_BAIRRO PK">
<createdBy>luccasouza</createdBy>
<createdTime>2022-11-15 07:53:52 UTC</createdTime>
<ownerDesignName>Projeto_Fintech_LuccaSouza</ownerDesignName>
<engineerTo>
<item key="C9F4719D-AF7A-BEC8-3158-AA8834ABE868" value="true"/>
</engineerTo>
<pk>true</pk>
<usedAttributes>
<attributeRef>639B8346-1C76-9537-6244-36E372B9E5A7</attributeRef>
</usedAttributes>
</identifier>
</identifiers>
</Entity>