<?xml version = '1.0' encoding = 'UTF-8'?>
<Relation class="oracle.dbtools.crest.model.design.logical.Relation" name="possui" directorySegmentName="seg_0" id="92296ED5-9758-71C2-C288-68E222C26120">
<createdBy>luccasouza</createdBy>
<createdTime>2022-11-15 08:35:24 UTC</createdTime>
<ownerDesignName>Projeto_Fintech_LuccaSouza</ownerDesignName>
<engineerTo>
<item key="C9F4719D-AF7A-BEC8-3158-AA8834ABE868" value="true"/>
</engineerTo>
<sourcePk>8CC0BCF8-F7BB-7B74-2C73-CAAF569839D8</sourcePk>
<identifying>true</identifying>
<optionalSource>true</optionalSource>
<optionalTarget>false</optionalTarget>
<sourceCardinality>1</sourceCardinality>
<sourceEntity>8838DD18-DE22-E06E-B610-F1715D98DD46</sourceEntity>
<targetCardinalityString>*</targetCardinalityString>
<targetEntity>4385B5F3-DF8F-7D91-DAEF-E33B06171764</targetEntity>
<transferable>true</transferable>
<deleteRule>NO ACTION</deleteRule>
</Relation>