<?xml version = '1.0' encoding = 'UTF-8'?>
<Relation class="oracle.dbtools.crest.model.design.logical.Relation" name="possuiv1" directorySegmentName="seg_0" id="B1537CFF-0822-2BFD-9958-E05BE3FF095E">
<createdBy>luccasouza</createdBy>
<createdTime>2022-11-15 08:50:47 UTC</createdTime>
<ownerDesignName>Projeto_Fintech_LuccaSouza</ownerDesignName>
<engineerTo>
<item key="C9F4719D-AF7A-BEC8-3158-AA8834ABE868" value="true"/>
</engineerTo>
<sourcePk>8CC0BCF8-F7BB-7B74-2C73-CAAF569839D8</sourcePk>
<identifying>true</identifying>
<optionalSource>true</optionalSource>
<optionalTarget>false</optionalTarget>
<sourceCardinality>1</sourceCardinality>
<sourceEntity>8838DD18-DE22-E06E-B610-F1715D98DD46</sourceEntity>
<targetCardinalityString>*</targetCardinalityString>
<targetEntity>3F3412D1-5EF3-343A-3EB2-5E10D54DB23F</targetEntity>
<transferable>true</transferable>
<deleteRule>NO ACTION</deleteRule>
</Relation>