<?xml version = '1.0' encoding = 'UTF-8'?>
<Table class="oracle.dbtools.crest.model.design.relational.Table" directorySegmentName="seg_0" id="1E2F5431-AE9C-C0B7-9B37-3D827981361B" name="T_FINTECH_ENDERECO">
<createdBy>luccasouza</createdBy>
<createdTime>2022-11-15 09:41:37 UTC</createdTime>
<generatorID>491C2F6F-FD18-08DB-9922-664CC28667E0</generatorID>
<ownerDesignName>Projeto_Fintech_LuccaSouza</ownerDesignName>
<allowColumnReorder>false</allowColumnReorder>
<existDependencyGenerateInDDl>true</existDependencyGenerateInDDl>
<parsed>true</parsed>
<columns itemClass="oracle.dbtools.crest.model.design.relational.Column">
<Column name="nr_cep" id="05F9E7DA-2927-B39B-BE15-7693335F59B0">
<createdBy>luccasouza</createdBy>
<createdTime>2022-11-15 09:41:37 UTC</createdTime>
<generatorID>0A05E61F-61C7-312A-CA17-BE6C19898714</generatorID>
<ownerDesignName>Projeto_Fintech_LuccaSouza</ownerDesignName>
<useDomainConstraints>false</useDomainConstraints>
<use>1</use>
<logicalDatatype>LOGDT020</logicalDatatype>
<ownDataTypeParameters>,,</ownDataTypeParameters>
<autoIncrementCycle>false</autoIncrementCycle>
</Column>
<Column name="T_FINTECH_BAIRRO_cd_bairro" id="D30D2FC4-D215-9547-1599-673F415E1A76">
<createdBy>luccasouza</createdBy>
<createdTime>2022-11-15 09:41:37 UTC</createdTime>
<generatorID>C16FA861-33EC-9D50-B714-554F4B2C80CE</generatorID>
<ownerDesignName>Projeto_Fintech_LuccaSouza</ownerDesignName>
<useDomainConstraints>false</useDomainConstraints>
<use>1</use>
<logicalDatatype>LOGDT020</logicalDatatype>
<ownDataTypeParameters>,,</ownDataTypeParameters>
<previousColumn>false</previousColumn>
<autoIncrementCycle>false</autoIncrementCycle>
<associations>
<colAssociation fkAssociation="5241FFE3-6D8C-AA6D-FF7B-A1C42EFB4B0E" referredColumn="752CF10B-06C7-2298-2967-039A923BF6EC"/>
</associations>
</Column>
<Column name="T_FINTECH_TIPO_LOGRADOURO_cd_tipo_logradouro" id="49B8F02B-C23F-8D2D-334F-385272148F42">
<createdBy>luccasouza</createdBy>
<createdTime>2022-11-15 09:41:37 UTC</createdTime>
<generatorID>6F788F9B-AD16-3985-D8CF-24088C7FBE49</generatorID>
<ownerDesignName>Projeto_Fintech_LuccaSouza</ownerDesignName>
<useDomainConstraints>false</useDomainConstraints>
<use>1</use>
<logicalDatatype>LOGDT020</logicalDatatype>
<ownDataTypeParameters>,,</ownDataTypeParameters>
<previousColumn>false</previousColumn>
<autoIncrementCycle>false</autoIncrementCycle>
<associations>
<colAssociation fkAssociation="B6A6CA0E-0049-CF1B-C9DE-AB8171293767" referredColumn="9E82318F-8B9D-1BEB-CE71-935F2F9D746C"/>
</associations>
</Column>
<Column name="ds_logradouro" id="A36C47DA-E97A-10B4-5B51-4B9F474A80C2">
<createdBy>luccasouza</createdBy>
<createdTime>2022-11-15 09:41:37 UTC</createdTime>
<generatorID>580B1310-F8AD-A3C6-C3FA-6831792AFA32</generatorID>
<ownerDesignName>Projeto_Fintech_LuccaSouza</ownerDesignName>
<useDomainConstraints>false</useDomainConstraints>
<use>1</use>
<logicalDatatype>LOGDT024</logicalDatatype>
<dataTypeSize>30</dataTypeSize>
<ownDataTypeParameters>30,,</ownDataTypeParameters>
<autoIncrementCycle>false</autoIncrementCycle>
</Column>
</columns>
<indexes itemClass="oracle.dbtools.crest.model.design.relational.Index">
<ind_PK_UK id="932E1002-6A3C-9611-1579-92B4B9B37B7A" name="T_FINTECH_ENDERECO_PK">
<createdBy>luccasouza</createdBy>
<createdTime>2022-11-15 09:41:37 UTC</createdTime>
<generatorID>385B0D6F-E56E-3CC0-B432-55944F939E23</generatorID>
<ownerDesignName>Projeto_Fintech_LuccaSouza</ownerDesignName>
<pk>true</pk>
<indexState>Primary Constraint</indexState>
<isSurrogateKey>false</isSurrogateKey>
<indexColumnUsage>
<colUsage columnID="05F9E7DA-2927-B39B-BE15-7693335F59B0"/>
</indexColumnUsage>
</ind_PK_UK>
<ind_PK_UK id="0BC4952A-F883-3AAA-845D-2C6DD65ABBD6" name="T_FINTECH_ENDERECO_T_FINTECH_BAIRRO_FK">
<createdBy>luccasouza</createdBy>
<createdTime>2022-11-15 09:41:37 UTC</createdTime>
<generatorID>F8BDF399-5280-B44F-C7D7-31EF19020FE0</generatorID>
<ownerDesignName>Projeto_Fintech_LuccaSouza</ownerDesignName>
<indexState>Foreign Key</indexState>
<isSurrogateKey>false</isSurrogateKey>
<indexColumnUsage>
<colUsage columnID="D30D2FC4-D215-9547-1599-673F415E1A76"/>
</indexColumnUsage>
</ind_PK_UK>
<ind_PK_UK id="C4691301-D8FF-B30B-65A9-2183279FAEF8" name="T_FINTECH_ENDERECO_T_FINTECH_TIPO_LOGRADOURO_FK">
<createdBy>luccasouza</createdBy>
<createdTime>2022-11-15 09:41:37 UTC</createdTime>
<generatorID>5648AD86-941A-89AA-168A-C799D4F4D230</generatorID>
<ownerDesignName>Projeto_Fintech_LuccaSouza</ownerDesignName>
<indexState>Foreign Key</indexState>
<isSurrogateKey>false</isSurrogateKey>
<indexColumnUsage>
<colUsage columnID="49B8F02B-C23F-8D2D-334F-385272148F42"/>
</indexColumnUsage>
</ind_PK_UK>
</indexes>
</Table>