<?xml version = '1.0' encoding = 'UTF-8'?>
<Table class="oracle.dbtools.crest.model.design.relational.Table" directorySegmentName="seg_0" id="4CEF663B-FC2C-76E4-1E18-F932A9D7E235" name="T_FINTECH_TIPO_LOGRADOURO">
<createdBy>luccasouza</createdBy>
<createdTime>2022-11-15 09:41:37 UTC</createdTime>
<generatorID>BCF9B84A-E414-41F7-7D7D-39AFDF9D7926</generatorID>
<ownerDesignName>Projeto_Fintech_LuccaSouza</ownerDesignName>
<allowColumnReorder>false</allowColumnReorder>
<existDependencyGenerateInDDl>true</existDependencyGenerateInDDl>
<parsed>true</parsed>
<columns itemClass="oracle.dbtools.crest.model.design.relational.Column">
<Column name="cd_tipo_logradouro" id="9E82318F-8B9D-1BEB-CE71-935F2F9D746C">
<createdBy>luccasouza</createdBy>
<createdTime>2022-11-15 09:41:37 UTC</createdTime>
<generatorID>B65C8051-4B59-2E22-0592-590FF6BD2302</generatorID>
<ownerDesignName>Projeto_Fintech_LuccaSouza</ownerDesignName>
<useDomainConstraints>false</useDomainConstraints>
<use>1</use>
<logicalDatatype>LOGDT020</logicalDatatype>
<ownDataTypeParameters>,,</ownDataTypeParameters>
<autoIncrementCycle>false</autoIncrementCycle>
</Column>
<Column name="ds_tipo_logradouro" id="12800B6B-E26F-A49D-1B23-81257FE90BB5">
<createdBy>luccasouza</createdBy>
<createdTime>2022-11-15 09:41:37 UTC</createdTime>
<generatorID>B42094D8-5B3A-BFEA-2B90-D966F957E241</generatorID>
<ownerDesignName>Projeto_Fintech_LuccaSouza</ownerDesignName>
<useDomainConstraints>false</useDomainConstraints>
<use>1</use>
<logicalDatatype>LOGDT024</logicalDatatype>
<dataTypeSize>30</dataTypeSize>
<ownDataTypeParameters>30,,</ownDataTypeParameters>
<autoIncrementCycle>false</autoIncrementCycle>
</Column>
</columns>
<indexes itemClass="oracle.dbtools.crest.model.design.relational.Index">
<ind_PK_UK id="898ED047-7E24-6C62-1D3E-5488420344F0" name="T_FINTECH_TIPO_LOGRADOURO_PK">
<createdBy>luccasouza</createdBy>
<createdTime>2022-11-15 09:41:37 UTC</createdTime>
<generatorID>F4104FE8-4776-FFF7-D51C-68E65D486373</generatorID>
<ownerDesignName>Projeto_Fintech_LuccaSouza</ownerDesignName>
<pk>true</pk>
<indexState>Primary Constraint</indexState>
<isSurrogateKey>false</isSurrogateKey>
<indexColumnUsage>
<colUsage columnID="9E82318F-8B9D-1BEB-CE71-935F2F9D746C"/>
</indexColumnUsage>
</ind_PK_UK>
</indexes>
</Table>