<?xml version = '1.0' encoding = 'UTF-8'?>
<Table class="oracle.dbtools.crest.model.design.relational.Table" directorySegmentName="seg_0" id="ABFE6C2A-B893-2DA2-DD53-857E1698A956" name="T_FINTECH_TRANSACAO">
<createdBy>luccasouza</createdBy>
<createdTime>2022-11-15 09:41:37 UTC</createdTime>
<generatorID>3E018CF8-24A1-FC1C-FA38-E1811769DC64</generatorID>
<ownerDesignName>Projeto_Fintech_LuccaSouza</ownerDesignName>
<allowColumnReorder>false</allowColumnReorder>
<existDependencyGenerateInDDl>true</existDependencyGenerateInDDl>
<parsed>true</parsed>
<columns itemClass="oracle.dbtools.crest.model.design.relational.Column">
<Column name="T_FINTECH_CONTA_id_conta" id="4E2E7C42-298B-001E-1A67-71C046833670">
<createdBy>luccasouza</createdBy>
<createdTime>2022-11-15 09:41:37 UTC</createdTime>
<generatorID>74DAE275-E3AD-FA63-C06B-453DD2B2800E</generatorID>
<ownerDesignName>Projeto_Fintech_LuccaSouza</ownerDesignName>
<useDomainConstraints>false</useDomainConstraints>
<use>1</use>
<logicalDatatype>LOGDT027</logicalDatatype>
<ownDataTypeParameters>,,</ownDataTypeParameters>
<previousColumn>false</previousColumn>
<autoIncrementCycle>false</autoIncrementCycle>
<associations>
<colAssociation fkAssociation="E88F1D77-8F47-FEFB-22CC-95A47391D035" referredColumn="7B89D8B2-6985-97B4-F2B2-F2441E361A7D"/>
</associations>
</Column>
<Column name="cd_transacao" id="70BE28CC-8F54-0004-91C0-1845821308CB">
<createdBy>luccasouza</createdBy>
<createdTime>2022-11-15 09:41:37 UTC</createdTime>
<generatorID>55595F9D-79E3-4857-B8DD-5D7F02B67E35</generatorID>
<ownerDesignName>Projeto_Fintech_LuccaSouza</ownerDesignName>
<useDomainConstraints>false</useDomainConstraints>
<use>1</use>
<logicalDatatype>LOGDT020</logicalDatatype>
<ownDataTypeParameters>,,</ownDataTypeParameters>
<autoIncrementCycle>false</autoIncrementCycle>
</Column>
<Column name="vl_transacao" id="B1046C97-D052-8BC8-AA41-DBD359746C19">
<createdBy>luccasouza</createdBy>
<createdTime>2022-11-15 09:41:37 UTC</createdTime>
<generatorID>B364CB86-11E3-3393-1694-271DFEB7EF3A</generatorID>
<ownerDesignName>Projeto_Fintech_LuccaSouza</ownerDesignName>
<useDomainConstraints>false</useDomainConstraints>
<use>1</use>
<logicalDatatype>LOGDT021</logicalDatatype>
<ownDataTypeParameters>,,</ownDataTypeParameters>
<autoIncrementCycle>false</autoIncrementCycle>
</Column>
<Column name="dt_transacao" id="E43CC6D5-3CA7-574E-1BBA-9A9B9EB77BEC">
<createdBy>luccasouza</createdBy>
<createdTime>2022-11-15 09:41:37 UTC</createdTime>
<generatorID>64B5C837-B23B-3911-6009-1E5D9B3C5669</generatorID>
<ownerDesignName>Projeto_Fintech_LuccaSouza</ownerDesignName>
<useDomainConstraints>false</useDomainConstraints>
<use>1</use>
<logicalDatatype>LOGDT008</logicalDatatype>
<ownDataTypeParameters>,,</ownDataTypeParameters>
<autoIncrementCycle>false</autoIncrementCycle>
</Column>
</columns>
<indexes itemClass="oracle.dbtools.crest.model.design.relational.Index">
<ind_PK_UK id="213E050F-C422-D2FD-F4FD-3171FC12156E" name="T_FINTECH_TRANSACAO_PK">
<createdBy>luccasouza</createdBy>
<createdTime>2022-11-15 09:41:37 UTC</createdTime>
<generatorID>492E4A55-0FA6-0F60-2FAE-C4FA017D6FB2</generatorID>
<ownerDesignName>Projeto_Fintech_LuccaSouza</ownerDesignName>
<pk>true</pk>
<indexState>Primary Constraint</indexState>
<isSurrogateKey>false</isSurrogateKey>
<indexColumnUsage>
<colUsage columnID="70BE28CC-8F54-0004-91C0-1845821308CB"/>
<colUsage columnID="4E2E7C42-298B-001E-1A67-71C046833670"/>
</indexColumnUsage>
</ind_PK_UK>
<ind_PK_UK id="5E1B0622-CBDB-65AA-1EC9-EFD0E2F5EB40" name="T_FINTECH_TRANSACAO_T_FINTECH_CONTA_FK">
<createdBy>luccasouza</createdBy>
<createdTime>2022-11-15 09:41:37 UTC</createdTime>
<generatorID>C13FD537-665B-BADD-FC43-A0837856A3AB</generatorID>
<ownerDesignName>Projeto_Fintech_LuccaSouza</ownerDesignName>
<indexState>Foreign Key</indexState>
<isSurrogateKey>false</isSurrogateKey>
<indexColumnUsage>
<colUsage columnID="4E2E7C42-298B-001E-1A67-71C046833670"/>
</indexColumnUsage>
</ind_PK_UK>
</indexes>
</Table>